AÑO,MES,LUGAR,DESCRIPCION _ EMPRESA,DESCRIPCION_TIPOEMPRESA,VL FACTURACION TOTAL
2023,2,FOMEQUE,ADRES,Reclamaciones FOSYGA-ECAT,528292
2023,3,FOMEQUE,ADRES,Reclamaciones FOSYGA-ECAT,711414
2023,3,UBAQUE,ADRES,Reclamaciones FOSYGA-ECAT,506420
2023,4,UBAQUE,ADRES,Reclamaciones FOSYGA-ECAT,158312
2023,5,FOMEQUE,ADRES,Reclamaciones FOSYGA-ECAT,256856
2023,6,FOMEQUE,ADRES,Reclamaciones FOSYGA-ECAT,1450791
2023,5,FOMEQUE,ALCALDIA MUNICIPAL DE CHOACHI,PIC-CHOACHI,11724035
2023,6,FOMEQUE,ALCALDIA MUNICIPAL DE CHOACHI,PIC-CHOACHI,10620670
2023,4,FOMEQUE,ALCALDIA MUNICIPAL DE FOMEQUE,PIC-FOMEQUE,11372000
2023,5,FOMEQUE,ALCALDIA MUNICIPAL DE FOMEQUE,PIC-FOMEQUE,12359000
2023,6,FOMEQUE,ALCALDIA MUNICIPAL DE FOMEQUE,PIC-FOMEQUE,12808000
2023,5,FOMEQUE,ALCALDIA MUNICIPAL DE UBAQUE,PIC-UBAQUE,9618167
2023,6,FOMEQUE,ALCALDIA MUNICIPAL DE UBAQUE,PIC-UBAQUE,9618167
2023,1,CHOACHI,ALIANSALUD EPS,Plan Obligatorio de Salud POS-EPS,330574
2023,1,FOMEQUE,ALIANSALUD EPS,Plan Obligatorio de Salud POS-EPS,254518
2023,1,UBAQUE,ALIANSALUD EPS,Plan Obligatorio de Salud POS-EPS,216702
2023,2,CHOACHI,ALIANSALUD EPS,Plan Obligatorio de Salud POS-EPS,320796
2023,2,FOMEQUE,ALIANSALUD EPS,Plan Obligatorio de Salud POS-EPS,76200
2023,2,UBAQUE,ALIANSALUD EPS,Plan Obligatorio de Salud POS-EPS,232390
2023,3,CHOACHI,ALIANSALUD EPS,Plan Obligatorio de Salud POS-EPS,217014
2023,4,CHOACHI,ALIANSALUD EPS,Plan Obligatorio de Salud POS-EPS,169011
2023,4,FOMEQUE,ALIANSALUD EPS,Plan Obligatorio de Salud POS-EPS,834817
2023,4,UBAQUE,ALIANSALUD EPS,Plan Obligatorio de Salud POS-EPS,95957
2023,5,CHOACHI,ALIANSALUD EPS,Plan Obligatorio de Salud POS-EPS,1218420
2023,5,UBAQUE,ALIANSALUD EPS,Plan Obligatorio de Salud POS-EPS,107421
2023,6,CHOACHI,ALIANSALUD EPS,Plan Obligatorio de Salud POS-EPS,247762
2023,6,FOMEQUE,ALIANSALUD EPS,Plan Obligatorio de Salud POS-EPS,394317
2023,6,UBAQUE,ALIANSALUD EPS,Plan Obligatorio de Salud POS-EPS,77414
2023,6,UBAQUE,ASMET SALUD EPS SAS,Plan Obligatorio de Salud POS-EPS,793844
2023,1,FOMEQUE,ASMET SALUD EPS SAS,Plan Subsidiado de Salud POS-EPS Subsidiado,2227500
2023,2,FOMEQUE,ASMET SALUD EPS SAS,Plan Subsidiado de Salud POS-EPS Subsidiado,66900
2023,3,FOMEQUE,ASMET SALUD EPS SAS,Plan Subsidiado de Salud POS-EPS Subsidiado,2109454
2023,4,CHOACHI,ASMET SALUD EPS SAS,Plan Subsidiado de Salud POS-EPS Subsidiado,87775
2023,4,FOMEQUE,ASMET SALUD EPS SAS,Plan Subsidiado de Salud POS-EPS Subsidiado,371504
2023,5,CHOACHI,ASMET SALUD EPS SAS,Plan Subsidiado de Salud POS-EPS Subsidiado,84589
2023,5,FOMEQUE,ASMET SALUD EPS SAS,Plan Subsidiado de Salud POS-EPS Subsidiado,1036100
2023,6,FOMEQUE,ASMET SALUD EPS SAS,Plan Subsidiado de Salud POS-EPS Subsidiado,202200
2023,3,FOMEQUE,AXA COLPATRIA,ACCIDENTES DE TRANSITO - SOAT,139968
2023,4,FOMEQUE,AXA COLPATRIA,ACCIDENTES DE TRANSITO - SOAT,160234
2023,5,CHOACHI,AXA COLPATRIA,ACCIDENTES DE TRANSITO - SOAT,995796
2023,5,FOMEQUE,AXA COLPATRIA,ACCIDENTES DE TRANSITO - SOAT,479725
2023,6,FOMEQUE,AXA COLPATRIA,ACCIDENTES DE TRANSITO - SOAT,433504
2023,6,UBAQUE,AXA COLPATRIA,ACCIDENTES DE TRANSITO - SOAT,177829
2023,2,CHOACHI,AXA COLPATRIA SEGUROS DE VIDA SA,Riesgos Profesionales - ARP,93074
2023,2,FOMEQUE,AXA COLPATRIA SEGUROS DE VIDA SA,Riesgos Profesionales - ARP,676006
2023,3,CHOACHI,AXA COLPATRIA SEGUROS DE VIDA SA,Riesgos Profesionales - ARP,119360
2023,3,FOMEQUE,AXA COLPATRIA SEGUROS DE VIDA SA,Riesgos Profesionales - ARP,1529093
2023,4,CHOACHI,AXA COLPATRIA SEGUROS DE VIDA SA,Riesgos Profesionales - ARP,81127
2023,4,FOMEQUE,AXA COLPATRIA SEGUROS DE VIDA SA,Riesgos Profesionales - ARP,318181
2023,5,CHOACHI,AXA COLPATRIA SEGUROS DE VIDA SA,Riesgos Profesionales - ARP,161300
2023,5,FOMEQUE,AXA COLPATRIA SEGUROS DE VIDA SA,Riesgos Profesionales - ARP,171474
2023,6,FOMEQUE,AXA COLPATRIA SEGUROS DE VIDA SA,Riesgos Profesionales - ARP,76200
2023,2,FOMEQUE,CAPITAL SALUD EPS,Plan Obligatorio de Salud POS-EPS,80142
2023,4,FOMEQUE,CAPITAL SALUD EPS,Plan Obligatorio de Salud POS-EPS,77129
2023,1,CHOACHI,CAPITAL SALUD EPS,Plan Subsidiado de Salud POS-EPS Subsidiado,110019
2023,1,FOMEQUE,CAPITAL SALUD EPS,Plan Subsidiado de Salud POS-EPS Subsidiado,955245
2023,1,UBAQUE,CAPITAL SALUD EPS,Plan Subsidiado de Salud POS-EPS Subsidiado,415236
2023,2,CHOACHI,CAPITAL SALUD EPS,Plan Subsidiado de Salud POS-EPS Subsidiado,784624
2023,2,FOMEQUE,CAPITAL SALUD EPS,Plan Subsidiado de Salud POS-EPS Subsidiado,5457053
2023,2,UBAQUE,CAPITAL SALUD EPS,Plan Subsidiado de Salud POS-EPS Subsidiado,169730
2023,3,CHOACHI,CAPITAL SALUD EPS,Plan Subsidiado de Salud POS-EPS Subsidiado,461997
2023,3,FOMEQUE,CAPITAL SALUD EPS,Plan Subsidiado de Salud POS-EPS Subsidiado,3349044
2023,3,UBAQUE,CAPITAL SALUD EPS,Plan Subsidiado de Salud POS-EPS Subsidiado,676516
2023,4,CHOACHI,CAPITAL SALUD EPS,Plan Subsidiado de Salud POS-EPS Subsidiado,165482
2023,4,FOMEQUE,CAPITAL SALUD EPS,Plan Subsidiado de Salud POS-EPS Subsidiado,1441646
2023,4,UBAQUE,CAPITAL SALUD EPS,Plan Subsidiado de Salud POS-EPS Subsidiado,206013
2023,5,CHOACHI,CAPITAL SALUD EPS,Plan Subsidiado de Salud POS-EPS Subsidiado,105401
2023,5,FOMEQUE,CAPITAL SALUD EPS,Plan Subsidiado de Salud POS-EPS Subsidiado,1169196
2023,5,UBAQUE,CAPITAL SALUD EPS,Plan Subsidiado de Salud POS-EPS Subsidiado,430119
2023,6,CHOACHI,CAPITAL SALUD EPS,Plan Subsidiado de Salud POS-EPS Subsidiado,292753
2023,6,FOMEQUE,CAPITAL SALUD EPS,Plan Subsidiado de Salud POS-EPS Subsidiado,1741325
2023,6,UBAQUE,CAPITAL SALUD EPS,Plan Subsidiado de Salud POS-EPS Subsidiado,343372
2023,2,FOMEQUE,CAPRESOCA EPS,Plan Subsidiado de Salud POS-EPS Subsidiado,124425
2023,1,FOMEQUE,COLMENA ARL,Riesgos Profesionales - ARP,577415
2023,2,FOMEQUE,COLMENA ARL,Riesgos Profesionales - ARP,2386964
2023,3,FOMEQUE,COLMENA ARL,Riesgos Profesionales - ARP,392398
2023,4,FOMEQUE,COLMENA ARL,Riesgos Profesionales - ARP,76200
2023,5,CHOACHI,COLMENA ARL,Riesgos Profesionales - ARP,77414
2023,5,FOMEQUE,COLMENA ARL,Riesgos Profesionales - ARP,487827
2023,6,FOMEQUE,COLMENA ARL,Riesgos Profesionales - ARP,78674
2023,2,UBAQUE,COLOMBIANA DE ASISTENCIA SAS,ACCIDENTES  PERSONALES,76200
2023,1,FOMEQUE,COMPENSAR  EPS,Capitacion Contributivo PGP,6900000
2023,2,FOMEQUE,COMPENSAR  EPS,Capitacion Contributivo PGP,2050104
2023,3,FOMEQUE,COMPENSAR  EPS,Capitacion Contributivo PGP,5528104
2023,4,FOMEQUE,COMPENSAR  EPS,Capitacion Contributivo PGP,5559504
2023,5,FOMEQUE,COMPENSAR  EPS,Capitacion Contributivo PGP,7661203
2023,6,FOMEQUE,COMPENSAR  EPS,Capitacion Contributivo PGP,7963992
2023,1,FOMEQUE,COMPENSAR  EPS,Capitacion Contributivo PYD,5106000
2023,2,FOMEQUE,COMPENSAR  EPS,Capitacion Contributivo PYD,1853761
2023,3,FOMEQUE,COMPENSAR  EPS,Capitacion Contributivo PYD,4064757
2023,4,FOMEQUE,COMPENSAR  EPS,Capitacion Contributivo PYD,4077957
2023,5,FOMEQUE,COMPENSAR  EPS,Capitacion Contributivo PYD,6135248
2023,6,FOMEQUE,COMPENSAR  EPS,Capitacion Contributivo PYD,5813591
2023,1,FOMEQUE,COMPENSAR  EPS,Capitacion Sub Servicio PGP,40500000
2023,2,FOMEQUE,COMPENSAR  EPS,Capitacion Sub Servicio PGP,41806028
2023,3,FOMEQUE,COMPENSAR  EPS,Capitacion Sub Servicio PGP,43456028
2023,4,FOMEQUE,COMPENSAR  EPS,Capitacion Sub Servicio PGP,43456028
2023,5,FOMEQUE,COMPENSAR  EPS,Capitacion Sub Servicio PGP,93246539
2023,6,FOMEQUE,COMPENSAR  EPS,Capitacion Sub Servicio PGP,85784809
2023,1,FOMEQUE,COMPENSAR  EPS,Capitacion Subsidiado PYD,29970000
2023,2,FOMEQUE,COMPENSAR  EPS,Capitacion Subsidiado PYD,23002926
2023,5,FOMEQUE,COMPENSAR  EPS,Capitacion Subsidiado PYD,144036513
2023,6,FOMEQUE,COMPENSAR  EPS,Capitacion Subsidiado PYD,63480758
2023,1,CHOACHI,COMPENSAR  EPS,EPS planes complementarios,105480
2023,2,CHOACHI,COMPENSAR  EPS,EPS planes complementarios,76200
2023,3,CHOACHI,COMPENSAR  EPS,EPS planes complementarios,152400
2023,3,FOMEQUE,COMPENSAR  EPS,EPS planes complementarios,42400
2023,4,CHOACHI,COMPENSAR  EPS,EPS planes complementarios,76200
2023,5,CHOACHI,COMPENSAR  EPS,EPS planes complementarios,444070
2023,6,CHOACHI,COMPENSAR  EPS,EPS planes complementarios,318368
2023,6,UBAQUE,COMPENSAR  EPS,EPS planes complementarios,921132
2023,1,CHOACHI,COMPENSAR  EPS,Plan Obligatorio de Salud POS-EPS,1905533
2023,1,FOMEQUE,COMPENSAR  EPS,Plan Obligatorio de Salud POS-EPS,13051147
2023,1,UBAQUE,COMPENSAR  EPS,Plan Obligatorio de Salud POS-EPS,1445007
2023,2,CHOACHI,COMPENSAR  EPS,Plan Obligatorio de Salud POS-EPS,2023554
2023,2,FOMEQUE,COMPENSAR  EPS,Plan Obligatorio de Salud POS-EPS,10250495
2023,2,UBAQUE,COMPENSAR  EPS,Plan Obligatorio de Salud POS-EPS,1216199
2023,3,CHOACHI,COMPENSAR  EPS,Plan Obligatorio de Salud POS-EPS,4419946
2023,3,FOMEQUE,COMPENSAR  EPS,Plan Obligatorio de Salud POS-EPS,6889008
2023,3,UBAQUE,COMPENSAR  EPS,Plan Obligatorio de Salud POS-EPS,2867003
2023,4,CHOACHI,COMPENSAR  EPS,Plan Obligatorio de Salud POS-EPS,3523139
2023,4,FOMEQUE,COMPENSAR  EPS,Plan Obligatorio de Salud POS-EPS,8605620
2023,4,UBAQUE,COMPENSAR  EPS,Plan Obligatorio de Salud POS-EPS,833326
2023,5,CHOACHI,COMPENSAR  EPS,Plan Obligatorio de Salud POS-EPS,2090259
2023,5,FOMEQUE,COMPENSAR  EPS,Plan Obligatorio de Salud POS-EPS,15069949
2023,5,UBAQUE,COMPENSAR  EPS,Plan Obligatorio de Salud POS-EPS,1455200
2023,6,CHOACHI,COMPENSAR  EPS,Plan Obligatorio de Salud POS-EPS,2530467
2023,6,FOMEQUE,COMPENSAR  EPS,Plan Obligatorio de Salud POS-EPS,7165805
2023,6,UBAQUE,COMPENSAR  EPS,Plan Obligatorio de Salud POS-EPS,2545338
2023,1,CHOACHI,COMPENSAR  EPS,Plan Subsidiado de Salud POS-EPS Subsidiado,758354
2023,1,FOMEQUE,COMPENSAR  EPS,Plan Subsidiado de Salud POS-EPS Subsidiado,1140897
2023,2,CHOACHI,COMPENSAR  EPS,Plan Subsidiado de Salud POS-EPS Subsidiado,153100
2023,2,FOMEQUE,COMPENSAR  EPS,Plan Subsidiado de Salud POS-EPS Subsidiado,1842326
2023,2,UBAQUE,COMPENSAR  EPS,Plan Subsidiado de Salud POS-EPS Subsidiado,70525
2023,3,CHOACHI,COMPENSAR  EPS,Plan Subsidiado de Salud POS-EPS Subsidiado,544952
2023,3,FOMEQUE,COMPENSAR  EPS,Plan Subsidiado de Salud POS-EPS Subsidiado,2854111
2023,3,UBAQUE,COMPENSAR  EPS,Plan Subsidiado de Salud POS-EPS Subsidiado,101380
2023,4,CHOACHI,COMPENSAR  EPS,Plan Subsidiado de Salud POS-EPS Subsidiado,2079099
2023,4,FOMEQUE,COMPENSAR  EPS,Plan Subsidiado de Salud POS-EPS Subsidiado,8079080
2023,5,CHOACHI,COMPENSAR  EPS,Plan Subsidiado de Salud POS-EPS Subsidiado,560051
2023,5,FOMEQUE,COMPENSAR  EPS,Plan Subsidiado de Salud POS-EPS Subsidiado,1581902
2023,5,UBAQUE,COMPENSAR  EPS,Plan Subsidiado de Salud POS-EPS Subsidiado,289362
2023,6,CHOACHI,COMPENSAR  EPS,Plan Subsidiado de Salud POS-EPS Subsidiado,261585
2023,6,FOMEQUE,COMPENSAR  EPS,Plan Subsidiado de Salud POS-EPS Subsidiado,5527050
2023,6,UBAQUE,COMPENSAR  EPS,Plan Subsidiado de Salud POS-EPS Subsidiado,196335
2023,3,CHOACHI,COOSALUD EPS SA,Plan Obligatorio de Salud POS-EPS,151857
2023,3,FOMEQUE,COOSALUD EPS SA,Plan Obligatorio de Salud POS-EPS,456576
2023,6,CHOACHI,COOSALUD EPS SA,Plan Obligatorio de Salud POS-EPS,144730
2023,6,UBAQUE,COOSALUD EPS SA,Plan Obligatorio de Salud POS-EPS,170248
2023,2,CHOACHI,COOSALUD EPS SA,Plan Subsidiado de Salud POS-EPS Subsidiado,254578
2023,2,FOMEQUE,COOSALUD EPS SA,Plan Subsidiado de Salud POS-EPS Subsidiado,110910
2023,3,CHOACHI,COOSALUD EPS SA,Plan Subsidiado de Salud POS-EPS Subsidiado,142764
2023,3,FOMEQUE,COOSALUD EPS SA,Plan Subsidiado de Salud POS-EPS Subsidiado,378939
2023,3,UBAQUE,COOSALUD EPS SA,Plan Subsidiado de Salud POS-EPS Subsidiado,174652
2023,4,CHOACHI,COOSALUD EPS SA,Plan Subsidiado de Salud POS-EPS Subsidiado,76404
2023,6,UBAQUE,COOSALUD EPS SA,Plan Subsidiado de Salud POS-EPS Subsidiado,77823
2023,1,FOMEQUE,COSMITET  Ltda,IPS Privada,80929
2023,2,CHOACHI,COSMITET  Ltda,IPS Privada,78746
2023,3,FOMEQUE,DISPENSARIO MEDICO NIVEL II BOGOTA,Fuerzas militares,76200
2023,1,CHOACHI,DISPENSARIO MEDICO SUROCCIDENTE,Fuerzas militares,161300
2023,1,FOMEQUE,DISPENSARIO MEDICO SUROCCIDENTE,Fuerzas militares,79864
2023,2,CHOACHI,DISPENSARIO MEDICO SUROCCIDENTE,Fuerzas militares,236762
2023,2,FOMEQUE,DISPENSARIO MEDICO SUROCCIDENTE,Fuerzas militares,175402
2023,3,CHOACHI,DISPENSARIO MEDICO SUROCCIDENTE,Fuerzas militares,156064
2023,3,FOMEQUE,DISPENSARIO MEDICO SUROCCIDENTE,Fuerzas militares,501575
2023,4,CHOACHI,DISPENSARIO MEDICO SUROCCIDENTE,Fuerzas militares,170811
2023,4,FOMEQUE,DISPENSARIO MEDICO SUROCCIDENTE,Fuerzas militares,1865938
2023,5,CHOACHI,DISPENSARIO MEDICO SUROCCIDENTE,Fuerzas militares,76200
2023,5,FOMEQUE,DISPENSARIO MEDICO SUROCCIDENTE,Fuerzas militares,660870
2023,6,FOMEQUE,DISPENSARIO MEDICO SUROCCIDENTE,Fuerzas militares,2015748
2023,6,UBAQUE,DISPENSARIO MEDICO SUROCCIDENTE,Fuerzas militares,77180
2023,2,FOMEQUE,DUSAKAWI EPSSI,Plan Subsidiado de Salud POS-EPS Subsidiado,65700
2023,3,FOMEQUE,DUSAKAWI EPSSI,Plan Subsidiado de Salud POS-EPS Subsidiado,382844
2023,6,FOMEQUE,DUSAKAWI EPSSI,Plan Subsidiado de Salud POS-EPS Subsidiado,154995
2023,1,FOMEQUE,ECOOPSOS EPS SAS,Capitacion Subsidiado,79270813
2023,2,FOMEQUE,ECOOPSOS EPS SAS,Capitacion Subsidiado,79379003
2023,3,FOMEQUE,ECOOPSOS EPS SAS,Capitacion Subsidiado,79779306
2023,4,FOMEQUE,ECOOPSOS EPS SAS,Capitacion Subsidiado,60782583
2023,1,CHOACHI,ECOOPSOS EPS SAS,Plan Obligatorio de Salud POS-EPS,1768598
2023,1,FOMEQUE,ECOOPSOS EPS SAS,Plan Obligatorio de Salud POS-EPS,9842183
2023,1,UBAQUE,ECOOPSOS EPS SAS,Plan Obligatorio de Salud POS-EPS,1737382
2023,2,CHOACHI,ECOOPSOS EPS SAS,Plan Obligatorio de Salud POS-EPS,795635
2023,2,FOMEQUE,ECOOPSOS EPS SAS,Plan Obligatorio de Salud POS-EPS,12945216
2023,2,UBAQUE,ECOOPSOS EPS SAS,Plan Obligatorio de Salud POS-EPS,1512353
2023,3,CHOACHI,ECOOPSOS EPS SAS,Plan Obligatorio de Salud POS-EPS,3787044
2023,3,FOMEQUE,ECOOPSOS EPS SAS,Plan Obligatorio de Salud POS-EPS,11769743
2023,3,UBAQUE,ECOOPSOS EPS SAS,Plan Obligatorio de Salud POS-EPS,1349731
2023,4,CHOACHI,ECOOPSOS EPS SAS,Plan Obligatorio de Salud POS-EPS,983634
2023,4,FOMEQUE,ECOOPSOS EPS SAS,Plan Obligatorio de Salud POS-EPS,6122050
2023,4,UBAQUE,ECOOPSOS EPS SAS,Plan Obligatorio de Salud POS-EPS,361677
2023,4,CHOACHI,ECOOPSOS EPS SAS,Plan Obligatorio de Salud POS-EPS,651772
2023,4,FOMEQUE,ECOOPSOS EPS SAS,Plan Obligatorio de Salud POS-EPS,6435015
2023,4,UBAQUE,ECOOPSOS EPS SAS,Plan Obligatorio de Salud POS-EPS,153900
2023,1,CHOACHI,ECOOPSOS EPS SAS,Plan Subsidiado de Salud POS-EPS Subsidiado,10019014
2023,1,FOMEQUE,ECOOPSOS EPS SAS,Plan Subsidiado de Salud POS-EPS Subsidiado,95283143
2023,1,UBAQUE,ECOOPSOS EPS SAS,Plan Subsidiado de Salud POS-EPS Subsidiado,9185147
2023,1,CHOACHI,ECOOPSOS EPS SAS,Plan Subsidiado de Salud POS-EPS Subsidiado,6855800
2023,1,FOMEQUE,ECOOPSOS EPS SAS,Plan Subsidiado de Salud POS-EPS Subsidiado,9934600
2023,1,UBAQUE,ECOOPSOS EPS SAS,Plan Subsidiado de Salud POS-EPS Subsidiado,11721800
2023,2,CHOACHI,ECOOPSOS EPS SAS,Plan Subsidiado de Salud POS-EPS Subsidiado,10591653
2023,2,FOMEQUE,ECOOPSOS EPS SAS,Plan Subsidiado de Salud POS-EPS Subsidiado,127483394
2023,2,UBAQUE,ECOOPSOS EPS SAS,Plan Subsidiado de Salud POS-EPS Subsidiado,10436110
2023,2,CHOACHI,ECOOPSOS EPS SAS,Plan Subsidiado de Salud POS-EPS Subsidiado,8495100
2023,2,FOMEQUE,ECOOPSOS EPS SAS,Plan Subsidiado de Salud POS-EPS Subsidiado,14837500
2023,2,UBAQUE,ECOOPSOS EPS SAS,Plan Subsidiado de Salud POS-EPS Subsidiado,11719500
2023,3,CHOACHI,ECOOPSOS EPS SAS,Plan Subsidiado de Salud POS-EPS Subsidiado,11680211
2023,3,FOMEQUE,ECOOPSOS EPS SAS,Plan Subsidiado de Salud POS-EPS Subsidiado,147812542
2023,3,UBAQUE,ECOOPSOS EPS SAS,Plan Subsidiado de Salud POS-EPS Subsidiado,8623300
2023,3,CHOACHI,ECOOPSOS EPS SAS,Plan Subsidiado de Salud POS-EPS Subsidiado,9499300
2023,3,FOMEQUE,ECOOPSOS EPS SAS,Plan Subsidiado de Salud POS-EPS Subsidiado,15449100
2023,3,UBAQUE,ECOOPSOS EPS SAS,Plan Subsidiado de Salud POS-EPS Subsidiado,10907100
2023,4,CHOACHI,ECOOPSOS EPS SAS,Plan Subsidiado de Salud POS-EPS Subsidiado,10538032
2023,4,FOMEQUE,ECOOPSOS EPS SAS,Plan Subsidiado de Salud POS-EPS Subsidiado,67583476
2023,4,UBAQUE,ECOOPSOS EPS SAS,Plan Subsidiado de Salud POS-EPS Subsidiado,10519461
2023,4,CHOACHI,ECOOPSOS EPS SAS,Plan Subsidiado de Salud POS-EPS Subsidiado,2988950
2023,4,FOMEQUE,ECOOPSOS EPS SAS,Plan Subsidiado de Salud POS-EPS Subsidiado,30575130
2023,4,UBAQUE,ECOOPSOS EPS SAS,Plan Subsidiado de Salud POS-EPS Subsidiado,3318500
2023,4,CHOACHI,ECOOPSOS EPS SAS,Plan Subsidiado de Salud POS-EPS Subsidiado,698400
2023,4,FOMEQUE,ECOOPSOS EPS SAS,Plan Subsidiado de Salud POS-EPS Subsidiado,3905800
2023,4,UBAQUE,ECOOPSOS EPS SAS,Plan Subsidiado de Salud POS-EPS Subsidiado,5014800
2023,4,CHOACHI,ECOOPSOS EPS SAS,Plan Subsidiado de Salud POS-EPS Subsidiado,2002100
2023,4,FOMEQUE,ECOOPSOS EPS SAS,Plan Subsidiado de Salud POS-EPS Subsidiado,2736600
2023,4,UBAQUE,ECOOPSOS EPS SAS,Plan Subsidiado de Salud POS-EPS Subsidiado,5206400
2023,4,FOMEQUE,EPS FAMILIAR DE COLOMBIA SAS,Plan Subsidiado de Salud POS-EPS Subsidiado,423600
2023,1,CHOACHI,EPS FAMISANAR SAS,Plan Obligatorio de Salud POS-EPS,18348625
2023,1,FOMEQUE,EPS FAMISANAR SAS,Plan Obligatorio de Salud POS-EPS,64609131
2023,1,UBAQUE,EPS FAMISANAR SAS,Plan Obligatorio de Salud POS-EPS,5597199
2023,1,CHOACHI,EPS FAMISANAR SAS,Plan Subsidiado de Salud POS-EPS Subsidiado,26318878
2023,1,FOMEQUE,EPS FAMISANAR SAS,Plan Subsidiado de Salud POS-EPS Subsidiado,118947624
2023,1,UBAQUE,EPS FAMISANAR SAS,Plan Subsidiado de Salud POS-EPS Subsidiado,15195597
2023,2,CHOACHI,EPS FAMISANAR SAS,Plan Obligatorio de Salud POS-EPS,19705002
2023,2,FOMEQUE,EPS FAMISANAR SAS,Plan Obligatorio de Salud POS-EPS,107339454
2023,2,UBAQUE,EPS FAMISANAR SAS,Plan Obligatorio de Salud POS-EPS,9332367
2023,2,CHOACHI,EPS FAMISANAR SAS,Plan Subsidiado de Salud POS-EPS Subsidiado,30112806
2023,2,FOMEQUE,EPS FAMISANAR SAS,Plan Subsidiado de Salud POS-EPS Subsidiado,159410253
2023,2,UBAQUE,EPS FAMISANAR SAS,Plan Subsidiado de Salud POS-EPS Subsidiado,26530761
2023,3,CHOACHI,EPS FAMISANAR SAS,Plan Obligatorio de Salud POS-EPS,20578993
2023,3,FOMEQUE,EPS FAMISANAR SAS,Plan Obligatorio de Salud POS-EPS,128935923
2023,3,UBAQUE,EPS FAMISANAR SAS,Plan Obligatorio de Salud POS-EPS,13401152
2023,3,CHOACHI,EPS FAMISANAR SAS,Plan Subsidiado de Salud POS-EPS Subsidiado,35203795
2023,3,FOMEQUE,EPS FAMISANAR SAS,Plan Subsidiado de Salud POS-EPS Subsidiado,180141499
2023,3,UBAQUE,EPS FAMISANAR SAS,Plan Subsidiado de Salud POS-EPS Subsidiado,24655528
2023,4,CHOACHI,EPS FAMISANAR SAS,Plan Obligatorio de Salud POS-EPS,24957485
2023,4,FOMEQUE,EPS FAMISANAR SAS,Plan Obligatorio de Salud POS-EPS,85446917
2023,4,UBAQUE,EPS FAMISANAR SAS,Plan Obligatorio de Salud POS-EPS,13750677
2023,4,CHOACHI,EPS FAMISANAR SAS,Plan Subsidiado de Salud POS-EPS Subsidiado,39060245
2023,4,FOMEQUE,EPS FAMISANAR SAS,Plan Subsidiado de Salud POS-EPS Subsidiado,124293567
2023,4,UBAQUE,EPS FAMISANAR SAS,Plan Subsidiado de Salud POS-EPS Subsidiado,31985638
2023,5,CHOACHI,EPS FAMISANAR SAS,Plan Obligatorio de Salud POS-EPS,26138008
2023,5,FOMEQUE,EPS FAMISANAR SAS,Plan Obligatorio de Salud POS-EPS,104912035
2023,5,UBAQUE,EPS FAMISANAR SAS,Plan Obligatorio de Salud POS-EPS,14017398
2023,5,CHOACHI,EPS FAMISANAR SAS,Plan Subsidiado de Salud POS-EPS Subsidiado,57620665
2023,5,FOMEQUE,EPS FAMISANAR SAS,Plan Subsidiado de Salud POS-EPS Subsidiado,230580734
2023,5,UBAQUE,EPS FAMISANAR SAS,Plan Subsidiado de Salud POS-EPS Subsidiado,58593097
2023,6,CHOACHI,EPS FAMISANAR SAS,Plan Obligatorio de Salud POS-EPS,17556077
2023,6,FOMEQUE,EPS FAMISANAR SAS,Plan Obligatorio de Salud POS-EPS,106471349
2023,6,UBAQUE,EPS FAMISANAR SAS,Plan Obligatorio de Salud POS-EPS,8559016
2023,6,CHOACHI,EPS FAMISANAR SAS,Plan Subsidiado de Salud POS-EPS Subsidiado,51252203
2023,6,FOMEQUE,EPS FAMISANAR SAS,Plan Subsidiado de Salud POS-EPS Subsidiado,254325764
2023,6,UBAQUE,EPS FAMISANAR SAS,Plan Subsidiado de Salud POS-EPS Subsidiado,52174587
2023,1,CHOACHI,EPS Y MEDICINA PREPAGADA SURAMERICANA SA,Plan Obligatorio de Salud POS-EPS,1087589
2023,1,FOMEQUE,EPS Y MEDICINA PREPAGADA SURAMERICANA SA,Plan Obligatorio de Salud POS-EPS,1218497
2023,1,UBAQUE,EPS Y MEDICINA PREPAGADA SURAMERICANA SA,Plan Obligatorio de Salud POS-EPS,487525
2023,2,CHOACHI,EPS Y MEDICINA PREPAGADA SURAMERICANA SA,Plan Obligatorio de Salud POS-EPS,476262
2023,3,CHOACHI,EPS Y MEDICINA PREPAGADA SURAMERICANA SA,Plan Obligatorio de Salud POS-EPS,790451
2023,3,FOMEQUE,EPS Y MEDICINA PREPAGADA SURAMERICANA SA,Plan Obligatorio de Salud POS-EPS,658905
2023,3,UBAQUE,EPS Y MEDICINA PREPAGADA SURAMERICANA SA,Plan Obligatorio de Salud POS-EPS,181353
2023,4,CHOACHI,EPS Y MEDICINA PREPAGADA SURAMERICANA SA,Plan Obligatorio de Salud POS-EPS,238069
2023,4,FOMEQUE,EPS Y MEDICINA PREPAGADA SURAMERICANA SA,Plan Obligatorio de Salud POS-EPS,1340214
2023,4,UBAQUE,EPS Y MEDICINA PREPAGADA SURAMERICANA SA,Plan Obligatorio de Salud POS-EPS,542269
2023,5,CHOACHI,EPS Y MEDICINA PREPAGADA SURAMERICANA SA,Plan Obligatorio de Salud POS-EPS,336858
2023,5,FOMEQUE,EPS Y MEDICINA PREPAGADA SURAMERICANA SA,Plan Obligatorio de Salud POS-EPS,3062944
2023,5,UBAQUE,EPS Y MEDICINA PREPAGADA SURAMERICANA SA,Plan Obligatorio de Salud POS-EPS,544728
2023,6,CHOACHI,EPS Y MEDICINA PREPAGADA SURAMERICANA SA,Plan Obligatorio de Salud POS-EPS,380554
2023,6,FOMEQUE,EPS Y MEDICINA PREPAGADA SURAMERICANA SA,Plan Obligatorio de Salud POS-EPS,603827
2023,6,UBAQUE,EPS Y MEDICINA PREPAGADA SURAMERICANA SA,Plan Obligatorio de Salud POS-EPS,180367
2023,1,FOMEQUE,EPS Y MEDICINA PREPAGADA SURAMERICANA SA,Plan Subsidiado de Salud POS-EPS Subsidiado,245467
2023,2,UBAQUE,EPS Y MEDICINA PREPAGADA SURAMERICANA SA,Plan Subsidiado de Salud POS-EPS Subsidiado,231709
2023,3,CHOACHI,EPS Y MEDICINA PREPAGADA SURAMERICANA SA,Plan Subsidiado de Salud POS-EPS Subsidiado,80443
2023,4,UBAQUE,EPS Y MEDICINA PREPAGADA SURAMERICANA SA,Plan Subsidiado de Salud POS-EPS Subsidiado,178331
2023,1,CHOACHI,FONDO PASIVO SOCIAL DE FERROCARRILES,Plan Obligatorio de Salud POS-EPS,161300
2023,2,CHOACHI,JEFATURA DE SALUD FUERZA AEREA COLOMBIANA,Entidades con Régimen Especial,164647
2023,4,CHOACHI,JEFATURA DE SALUD FUERZA AEREA COLOMBIANA,Entidades con Régimen Especial,140814
2023,6,CHOACHI,JEFATURA DE SALUD FUERZA AEREA COLOMBIANA,Entidades con Régimen Especial,154502
2023,1,CHOACHI,LA PREVISORA,ACCIDENTES DE TRANSITO - SOAT,104803
2023,1,FOMEQUE,LA PREVISORA,ACCIDENTES DE TRANSITO - SOAT,572874
2023,3,FOMEQUE,LA PREVISORA,ACCIDENTES DE TRANSITO - SOAT,254855
2023,4,CHOACHI,LA PREVISORA,ACCIDENTES DE TRANSITO - SOAT,79443
2023,4,FOMEQUE,LA PREVISORA,ACCIDENTES DE TRANSITO - SOAT,466844
2023,5,FOMEQUE,LA PREVISORA,ACCIDENTES DE TRANSITO - SOAT,3416489
2023,6,FOMEQUE,LA PREVISORA,ACCIDENTES DE TRANSITO - SOAT,44500
2023,1,CHOACHI,LIBERTY SEGUROS SA,ACCIDENTES DE TRANSITO - SOAT,241098
2023,3,FOMEQUE,LIBERTY SEGUROS SA,ACCIDENTES DE TRANSITO - SOAT,352059
2023,3,UBAQUE,LIBERTY SEGUROS SA,ACCIDENTES DE TRANSITO - SOAT,234717
2023,5,CHOACHI,LIBERTY SEGUROS SA,ACCIDENTES DE TRANSITO - SOAT,79443
2023,6,FOMEQUE,LIBERTY SEGUROS SA,ACCIDENTES DE TRANSITO - SOAT,315856
2023,6,FOMEQUE,MAPFRE SEGUROS GENERALES DE COLOMBIA,ACCIDENTES DE TRANSITO - SOAT,79443
2023,5,CHOACHI,MEDPLUS MEDICINA PREPAGADA,Empresas Medicina prepagada,1055284
2023,1,FOMEQUE,MUNDIAL  DE SEGUROS SA,ACCIDENTES DE TRANSITO - SOAT,747725
2023,2,CHOACHI,MUNDIAL  DE SEGUROS SA,ACCIDENTES DE TRANSITO - SOAT,1663349
2023,2,FOMEQUE,MUNDIAL  DE SEGUROS SA,ACCIDENTES DE TRANSITO - SOAT,970007
2023,2,UBAQUE,MUNDIAL  DE SEGUROS SA,ACCIDENTES DE TRANSITO - SOAT,105541
2023,3,CHOACHI,MUNDIAL  DE SEGUROS SA,ACCIDENTES DE TRANSITO - SOAT,1952017
2023,3,FOMEQUE,MUNDIAL  DE SEGUROS SA,ACCIDENTES DE TRANSITO - SOAT,738768
2023,4,CHOACHI,MUNDIAL  DE SEGUROS SA,ACCIDENTES DE TRANSITO - SOAT,204512
2023,4,FOMEQUE,MUNDIAL  DE SEGUROS SA,ACCIDENTES DE TRANSITO - SOAT,2787043
2023,5,CHOACHI,MUNDIAL  DE SEGUROS SA,ACCIDENTES DE TRANSITO - SOAT,152236
2023,5,FOMEQUE,MUNDIAL  DE SEGUROS SA,ACCIDENTES DE TRANSITO - SOAT,505441
2023,6,CHOACHI,MUNDIAL  DE SEGUROS SA,ACCIDENTES DE TRANSITO - SOAT,1412950
2023,6,FOMEQUE,MUNDIAL  DE SEGUROS SA,ACCIDENTES DE TRANSITO - SOAT,1706003
2023,4,UBAQUE,MUTUAL SER,Plan Obligatorio de Salud POS-EPS,79066
2023,5,FOMEQUE,MUTUAL SER,Plan Obligatorio de Salud POS-EPS,1152883
2023,6,UBAQUE,MUTUAL SER,Plan Obligatorio de Salud POS-EPS,77180
2023,2,CHOACHI,MUTUAL SER,Plan Subsidiado de Salud POS-EPS Subsidiado,213100
2023,2,FOMEQUE,MUTUAL SER,Plan Subsidiado de Salud POS-EPS Subsidiado,1571357
2023,3,CHOACHI,MUTUAL SER,Plan Subsidiado de Salud POS-EPS Subsidiado,46400
2023,3,FOMEQUE,MUTUAL SER,Plan Subsidiado de Salud POS-EPS Subsidiado,858514
2023,3,UBAQUE,MUTUAL SER,Plan Subsidiado de Salud POS-EPS Subsidiado,161300
2023,4,CHOACHI,MUTUAL SER,Plan Subsidiado de Salud POS-EPS Subsidiado,1290535
2023,4,FOMEQUE,MUTUAL SER,Plan Subsidiado de Salud POS-EPS Subsidiado,168600
2023,5,CHOACHI,MUTUAL SER,Plan Subsidiado de Salud POS-EPS Subsidiado,804598
2023,5,FOMEQUE,MUTUAL SER,Plan Subsidiado de Salud POS-EPS Subsidiado,1997907
2023,6,CHOACHI,MUTUAL SER,Plan Subsidiado de Salud POS-EPS Subsidiado,257400
2023,6,FOMEQUE,MUTUAL SER,Plan Subsidiado de Salud POS-EPS Subsidiado,76200
2023,3,FOMEQUE,NUEVA EPS,Capitacion Contributivo,15624718
2023,4,FOMEQUE,NUEVA EPS,Capitacion Contributivo,15881766
2023,5,FOMEQUE,NUEVA EPS,Capitacion Contributivo,16087514
2023,6,FOMEQUE,NUEVA EPS,Capitacion Contributivo,20381258
2023,3,FOMEQUE,NUEVA EPS,Capitacion Contributivo RPYMS,5434000
2023,4,FOMEQUE,NUEVA EPS,Capitacion Contributivo RPYMS,5462875
2023,5,FOMEQUE,NUEVA EPS,Capitacion Contributivo RPYMS,5524750
2023,6,FOMEQUE,NUEVA EPS,Capitacion Contributivo RPYMS,6993250
2023,4,FOMEQUE,NUEVA EPS,Capitacion Subsidiado,84892500
2023,5,FOMEQUE,NUEVA EPS,Capitacion Subsidiado,42136875
2023,6,FOMEQUE,NUEVA EPS,Capitacion Subsidiado,117528536
2023,4,FOMEQUE,NUEVA EPS,Capitacion Subsidiado RPYMS,28297500
2023,5,FOMEQUE,NUEVA EPS,Capitacion Subsidiado RPYMS,14045625
2023,6,FOMEQUE,NUEVA EPS,Capitacion Subsidiado RPYMS,39178014
2023,1,CHOACHI,NUEVA EPS,Plan Obligatorio de Salud POS-EPS,7340792
2023,1,FOMEQUE,NUEVA EPS,Plan Obligatorio de Salud POS-EPS,52132314
2023,1,UBAQUE,NUEVA EPS,Plan Obligatorio de Salud POS-EPS,5242675
2023,2,CHOACHI,NUEVA EPS,Plan Obligatorio de Salud POS-EPS,6201593
2023,2,FOMEQUE,NUEVA EPS,Plan Obligatorio de Salud POS-EPS,51653150
2023,2,UBAQUE,NUEVA EPS,Plan Obligatorio de Salud POS-EPS,4223201
2023,3,CHOACHI,NUEVA EPS,Plan Obligatorio de Salud POS-EPS,5321086
2023,3,FOMEQUE,NUEVA EPS,Plan Obligatorio de Salud POS-EPS,40352686
2023,3,UBAQUE,NUEVA EPS,Plan Obligatorio de Salud POS-EPS,2424113
2023,4,CHOACHI,NUEVA EPS,Plan Obligatorio de Salud POS-EPS,2851649
2023,4,FOMEQUE,NUEVA EPS,Plan Obligatorio de Salud POS-EPS,22300503
2023,4,UBAQUE,NUEVA EPS,Plan Obligatorio de Salud POS-EPS,2829912
2023,5,CHOACHI,NUEVA EPS,Plan Obligatorio de Salud POS-EPS,3068463
2023,5,FOMEQUE,NUEVA EPS,Plan Obligatorio de Salud POS-EPS,40071668
2023,5,UBAQUE,NUEVA EPS,Plan Obligatorio de Salud POS-EPS,3113678
2023,6,CHOACHI,NUEVA EPS,Plan Obligatorio de Salud POS-EPS,3880793
2023,6,FOMEQUE,NUEVA EPS,Plan Obligatorio de Salud POS-EPS,43363281
2023,6,UBAQUE,NUEVA EPS,Plan Obligatorio de Salud POS-EPS,3221822
2023,1,CHOACHI,NUEVA EPS,Plan Subsidiado de Salud POS-EPS Subsidiado,22288283
2023,1,FOMEQUE,NUEVA EPS,Plan Subsidiado de Salud POS-EPS Subsidiado,89708704
2023,1,UBAQUE,NUEVA EPS,Plan Subsidiado de Salud POS-EPS Subsidiado,21320364
2023,2,CHOACHI,NUEVA EPS,Plan Subsidiado de Salud POS-EPS Subsidiado,24542128
2023,2,FOMEQUE,NUEVA EPS,Plan Subsidiado de Salud POS-EPS Subsidiado,88815858
2023,2,UBAQUE,NUEVA EPS,Plan Subsidiado de Salud POS-EPS Subsidiado,26574553
2023,3,CHOACHI,NUEVA EPS,Plan Subsidiado de Salud POS-EPS Subsidiado,9857708
2023,3,FOMEQUE,NUEVA EPS,Plan Subsidiado de Salud POS-EPS Subsidiado,67450346
2023,3,UBAQUE,NUEVA EPS,Plan Subsidiado de Salud POS-EPS Subsidiado,7226422
2023,4,CHOACHI,NUEVA EPS,Plan Subsidiado de Salud POS-EPS Subsidiado,7473182
2023,4,FOMEQUE,NUEVA EPS,Plan Subsidiado de Salud POS-EPS Subsidiado,98356287
2023,4,UBAQUE,NUEVA EPS,Plan Subsidiado de Salud POS-EPS Subsidiado,8719394
2023,5,CHOACHI,NUEVA EPS,Plan Subsidiado de Salud POS-EPS Subsidiado,10669640
2023,5,FOMEQUE,NUEVA EPS,Plan Subsidiado de Salud POS-EPS Subsidiado,95341329
2023,5,UBAQUE,NUEVA EPS,Plan Subsidiado de Salud POS-EPS Subsidiado,14364417
2023,6,CHOACHI,NUEVA EPS,Plan Subsidiado de Salud POS-EPS Subsidiado,12417965
2023,6,FOMEQUE,NUEVA EPS,Plan Subsidiado de Salud POS-EPS Subsidiado,100688899
2023,6,UBAQUE,NUEVA EPS,Plan Subsidiado de Salud POS-EPS Subsidiado,12162342
2023,1,CHOACHI,PARTICULARES,Particulares,3165162
2023,1,FOMEQUE,PARTICULARES,Particulares,7586391
2023,1,UBAQUE,PARTICULARES,Particulares,933612
2023,2,CHOACHI,PARTICULARES,Particulares,2708552
2023,2,FOMEQUE,PARTICULARES,Particulares,7832199
2023,2,UBAQUE,PARTICULARES,Particulares,1862782
2023,3,CHOACHI,PARTICULARES,Particulares,2794724
2023,3,FOMEQUE,PARTICULARES,Particulares,7328544
2023,3,UBAQUE,PARTICULARES,Particulares,2166207
2023,4,CHOACHI,PARTICULARES,Particulares,1939132
2023,4,FOMEQUE,PARTICULARES,Particulares,6479707
2023,4,UBAQUE,PARTICULARES,Particulares,1694737
2023,5,CHOACHI,PARTICULARES,Particulares,1379290
2023,5,FOMEQUE,PARTICULARES,Particulares,7216031
2023,5,UBAQUE,PARTICULARES,Particulares,1530660
2023,6,CHOACHI,PARTICULARES,Particulares,2128457
2023,6,FOMEQUE,PARTICULARES,Particulares,4907602
2023,6,UBAQUE,PARTICULARES,Particulares,1263707
2023,1,CHOACHI,PONAL REGIONAL DE ASEGURAMIENTO EN SALUD NO 1,Policia Nacional,934179
2023,1,FOMEQUE,PONAL REGIONAL DE ASEGURAMIENTO EN SALUD NO 1,Policia Nacional,1991530
2023,1,UBAQUE,PONAL REGIONAL DE ASEGURAMIENTO EN SALUD NO 1,Policia Nacional,433962
2023,2,CHOACHI,PONAL REGIONAL DE ASEGURAMIENTO EN SALUD NO 1,Policia Nacional,906268
2023,2,FOMEQUE,PONAL REGIONAL DE ASEGURAMIENTO EN SALUD NO 1,Policia Nacional,3974898
2023,2,UBAQUE,PONAL REGIONAL DE ASEGURAMIENTO EN SALUD NO 1,Policia Nacional,480272
2023,3,CHOACHI,PONAL REGIONAL DE ASEGURAMIENTO EN SALUD NO 1,Policia Nacional,589466
2023,3,FOMEQUE,PONAL REGIONAL DE ASEGURAMIENTO EN SALUD NO 1,Policia Nacional,1478639
2023,3,UBAQUE,PONAL REGIONAL DE ASEGURAMIENTO EN SALUD NO 1,Policia Nacional,564716
2023,1,CHOACHI,POSITIVA COMPAÑIA DE SEGUROS,Riesgos Profesionales - ARP,580114
2023,1,UBAQUE,POSITIVA COMPAÑIA DE SEGUROS,Riesgos Profesionales - ARP,207068
2023,2,CHOACHI,POSITIVA COMPAÑIA DE SEGUROS,Riesgos Profesionales - ARP,265982
2023,2,FOMEQUE,POSITIVA COMPAÑIA DE SEGUROS,Riesgos Profesionales - ARP,264304
2023,3,CHOACHI,POSITIVA COMPAÑIA DE SEGUROS,Riesgos Profesionales - ARP,157363
2023,3,FOMEQUE,POSITIVA COMPAÑIA DE SEGUROS,Riesgos Profesionales - ARP,1238829
2023,4,CHOACHI,POSITIVA COMPAÑIA DE SEGUROS,Riesgos Profesionales - ARP,336140
2023,4,FOMEQUE,POSITIVA COMPAÑIA DE SEGUROS,Riesgos Profesionales - ARP,3003276
2023,5,CHOACHI,POSITIVA COMPAÑIA DE SEGUROS,Riesgos Profesionales - ARP,416609
2023,5,FOMEQUE,POSITIVA COMPAÑIA DE SEGUROS,Riesgos Profesionales - ARP,2540812
2023,6,CHOACHI,POSITIVA COMPAÑIA DE SEGUROS,Riesgos Profesionales - ARP,148353
2023,6,FOMEQUE,POSITIVA COMPAÑIA DE SEGUROS,Riesgos Profesionales - ARP,1344774
2023,1,CHOACHI,SALUD TOTAL  EPS,Plan Obligatorio de Salud POS-EPS,603815
2023,1,FOMEQUE,SALUD TOTAL  EPS,Plan Obligatorio de Salud POS-EPS,2207030
2023,1,UBAQUE,SALUD TOTAL  EPS,Plan Obligatorio de Salud POS-EPS,884850
2023,2,CHOACHI,SALUD TOTAL  EPS,Plan Obligatorio de Salud POS-EPS,715094
2023,2,FOMEQUE,SALUD TOTAL  EPS,Plan Obligatorio de Salud POS-EPS,4651496
2023,2,UBAQUE,SALUD TOTAL  EPS,Plan Obligatorio de Salud POS-EPS,525144
2023,3,CHOACHI,SALUD TOTAL  EPS,Plan Obligatorio de Salud POS-EPS,828965
2023,3,FOMEQUE,SALUD TOTAL  EPS,Plan Obligatorio de Salud POS-EPS,2201872
2023,3,UBAQUE,SALUD TOTAL  EPS,Plan Obligatorio de Salud POS-EPS,805206
2023,4,CHOACHI,SALUD TOTAL  EPS,Plan Obligatorio de Salud POS-EPS,400718
2023,4,FOMEQUE,SALUD TOTAL  EPS,Plan Obligatorio de Salud POS-EPS,2107863
2023,4,UBAQUE,SALUD TOTAL  EPS,Plan Obligatorio de Salud POS-EPS,1396430
2023,5,CHOACHI,SALUD TOTAL  EPS,Plan Obligatorio de Salud POS-EPS,1878323
2023,5,FOMEQUE,SALUD TOTAL  EPS,Plan Obligatorio de Salud POS-EPS,5490436
2023,5,UBAQUE,SALUD TOTAL  EPS,Plan Obligatorio de Salud POS-EPS,1826647
2023,6,CHOACHI,SALUD TOTAL  EPS,Plan Obligatorio de Salud POS-EPS,940571
2023,6,FOMEQUE,SALUD TOTAL  EPS,Plan Obligatorio de Salud POS-EPS,1805334
2023,6,UBAQUE,SALUD TOTAL  EPS,Plan Obligatorio de Salud POS-EPS,483997
2023,1,FOMEQUE,SALUD TOTAL  EPS,Plan Subsidiado de Salud POS-EPS Subsidiado,2081543
2023,1,UBAQUE,SALUD TOTAL  EPS,Plan Subsidiado de Salud POS-EPS Subsidiado,237500
2023,2,CHOACHI,SALUD TOTAL  EPS,Plan Subsidiado de Salud POS-EPS Subsidiado,154895
2023,2,FOMEQUE,SALUD TOTAL  EPS,Plan Subsidiado de Salud POS-EPS Subsidiado,663275
2023,2,UBAQUE,SALUD TOTAL  EPS,Plan Subsidiado de Salud POS-EPS Subsidiado,286044
2023,3,CHOACHI,SALUD TOTAL  EPS,Plan Subsidiado de Salud POS-EPS Subsidiado,228600
2023,3,FOMEQUE,SALUD TOTAL  EPS,Plan Subsidiado de Salud POS-EPS Subsidiado,358031
2023,3,UBAQUE,SALUD TOTAL  EPS,Plan Subsidiado de Salud POS-EPS Subsidiado,90459
2023,4,CHOACHI,SALUD TOTAL  EPS,Plan Subsidiado de Salud POS-EPS Subsidiado,77465
2023,4,UBAQUE,SALUD TOTAL  EPS,Plan Subsidiado de Salud POS-EPS Subsidiado,111000
2023,5,CHOACHI,SALUD TOTAL  EPS,Plan Subsidiado de Salud POS-EPS Subsidiado,962119
2023,5,FOMEQUE,SALUD TOTAL  EPS,Plan Subsidiado de Salud POS-EPS Subsidiado,1400230
2023,6,CHOACHI,SALUD TOTAL  EPS,Plan Subsidiado de Salud POS-EPS Subsidiado,218834
2023,6,FOMEQUE,SALUD TOTAL  EPS,Plan Subsidiado de Salud POS-EPS Subsidiado,990781
2023,1,CHOACHI,SANITAS EPS,Plan Obligatorio de Salud POS-EPS,4038512
2023,1,FOMEQUE,SANITAS EPS,Plan Obligatorio de Salud POS-EPS,8103226
2023,1,UBAQUE,SANITAS EPS,Plan Obligatorio de Salud POS-EPS,1121381
2023,2,CHOACHI,SANITAS EPS,Plan Obligatorio de Salud POS-EPS,2224835
2023,2,FOMEQUE,SANITAS EPS,Plan Obligatorio de Salud POS-EPS,3628993
2023,2,UBAQUE,SANITAS EPS,Plan Obligatorio de Salud POS-EPS,379927
2023,3,CHOACHI,SANITAS EPS,Plan Obligatorio de Salud POS-EPS,5375648
2023,3,FOMEQUE,SANITAS EPS,Plan Obligatorio de Salud POS-EPS,11037408
2023,3,UBAQUE,SANITAS EPS,Plan Obligatorio de Salud POS-EPS,1274560
2023,4,CHOACHI,SANITAS EPS,Plan Obligatorio de Salud POS-EPS,3248405
2023,4,FOMEQUE,SANITAS EPS,Plan Obligatorio de Salud POS-EPS,6067671
2023,4,UBAQUE,SANITAS EPS,Plan Obligatorio de Salud POS-EPS,2190227
2023,5,CHOACHI,SANITAS EPS,Plan Obligatorio de Salud POS-EPS,2508145
2023,5,FOMEQUE,SANITAS EPS,Plan Obligatorio de Salud POS-EPS,13149630
2023,5,UBAQUE,SANITAS EPS,Plan Obligatorio de Salud POS-EPS,1108510
2023,6,CHOACHI,SANITAS EPS,Plan Obligatorio de Salud POS-EPS,3401810
2023,6,FOMEQUE,SANITAS EPS,Plan Obligatorio de Salud POS-EPS,17586109
2023,6,UBAQUE,SANITAS EPS,Plan Obligatorio de Salud POS-EPS,995149
2023,1,CHOACHI,SANITAS EPS,Plan Subsidiado de Salud POS-EPS Subsidiado,139600
2023,1,FOMEQUE,SANITAS EPS,Plan Subsidiado de Salud POS-EPS Subsidiado,291885
2023,1,UBAQUE,SANITAS EPS,Plan Subsidiado de Salud POS-EPS Subsidiado,1404653
2023,2,CHOACHI,SANITAS EPS,Plan Subsidiado de Salud POS-EPS Subsidiado,191013
2023,2,FOMEQUE,SANITAS EPS,Plan Subsidiado de Salud POS-EPS Subsidiado,5419675
2023,2,UBAQUE,SANITAS EPS,Plan Subsidiado de Salud POS-EPS Subsidiado,188417
2023,3,CHOACHI,SANITAS EPS,Plan Subsidiado de Salud POS-EPS Subsidiado,296367
2023,3,FOMEQUE,SANITAS EPS,Plan Subsidiado de Salud POS-EPS Subsidiado,503200
2023,3,UBAQUE,SANITAS EPS,Plan Subsidiado de Salud POS-EPS Subsidiado,146823
2023,4,CHOACHI,SANITAS EPS,Plan Subsidiado de Salud POS-EPS Subsidiado,246454
2023,4,FOMEQUE,SANITAS EPS,Plan Subsidiado de Salud POS-EPS Subsidiado,1209383
2023,4,UBAQUE,SANITAS EPS,Plan Subsidiado de Salud POS-EPS Subsidiado,111020
2023,5,FOMEQUE,SANITAS EPS,Plan Subsidiado de Salud POS-EPS Subsidiado,805237
2023,5,UBAQUE,SANITAS EPS,Plan Subsidiado de Salud POS-EPS Subsidiado,1308292
2023,6,FOMEQUE,SANITAS EPS,Plan Subsidiado de Salud POS-EPS Subsidiado,154202
2023,6,UBAQUE,SANITAS EPS,Plan Subsidiado de Salud POS-EPS Subsidiado,76200
2023,1,CHOACHI,SECRETARIA DE SALUD DE CUNDINAMARCA,Atencion con cargo al subsidio a la oferta,841945
2023,1,FOMEQUE,SECRETARIA DE SALUD DE CUNDINAMARCA,Atencion con cargo al subsidio a la oferta,594228
2023,2,CHOACHI,SECRETARIA DE SALUD DE CUNDINAMARCA,Atencion con cargo al subsidio a la oferta,201256
2023,2,FOMEQUE,SECRETARIA DE SALUD DE CUNDINAMARCA,Atencion con cargo al subsidio a la oferta,7692794
2023,2,UBAQUE,SECRETARIA DE SALUD DE CUNDINAMARCA,Atencion con cargo al subsidio a la oferta,771814
2023,3,CHOACHI,SECRETARIA DE SALUD DE CUNDINAMARCA,Atencion con cargo al subsidio a la oferta,379424
2023,3,FOMEQUE,SECRETARIA DE SALUD DE CUNDINAMARCA,Atencion con cargo al subsidio a la oferta,1459655
2023,4,CHOACHI,SECRETARIA DE SALUD DE CUNDINAMARCA,Atencion con cargo al subsidio a la oferta,826777
2023,4,FOMEQUE,SECRETARIA DE SALUD DE CUNDINAMARCA,Atencion con cargo al subsidio a la oferta,5372938
2023,5,CHOACHI,SECRETARIA DE SALUD DE CUNDINAMARCA,Atencion con cargo al subsidio a la oferta,573084
2023,5,FOMEQUE,SECRETARIA DE SALUD DE CUNDINAMARCA,Atencion con cargo al subsidio a la oferta,662819
2023,6,CHOACHI,SECRETARIA DE SALUD DE CUNDINAMARCA,Atencion con cargo al subsidio a la oferta,410229
2023,6,FOMEQUE,SECRETARIA DE SALUD DE CUNDINAMARCA,Atencion con cargo al subsidio a la oferta,8225241
2023,6,FOMEQUE,SECRETARIA DE SALUD DE CUNDINAMARCA,PIC DEPARTAMENTAL,34010627
2023,3,FOMEQUE,SECRETARIA DE SALUD DE CUNDINAMARCA,SANEAMIENTO AMBIENTAL-SALUD PUBLICA,2002907
2023,4,FOMEQUE,SECRETARIA DE SALUD DE CUNDINAMARCA,SANEAMIENTO AMBIENTAL-SALUD PUBLICA,7261767
2023,5,FOMEQUE,SECRETARIA DE SALUD DE CUNDINAMARCA,SANEAMIENTO AMBIENTAL-SALUD PUBLICA,13270621
2023,6,FOMEQUE,SECRETARIA DE SALUD DE CUNDINAMARCA,SANEAMIENTO AMBIENTAL-SALUD PUBLICA,10194905
2023,1,CHOACHI,SEGUROS BOLIVAR,ACCIDENTES  PERSONALES,19200
2023,1,CHOACHI,SEGUROS COMERCIALES BOLIVAR,ACCIDENTES DE TRANSITO - SOAT,699908
2023,2,CHOACHI,SEGUROS COMERCIALES BOLIVAR,ACCIDENTES DE TRANSITO - SOAT,312894
2023,2,FOMEQUE,SEGUROS COMERCIALES BOLIVAR,ACCIDENTES DE TRANSITO - SOAT,1033035
2023,3,CHOACHI,SEGUROS COMERCIALES BOLIVAR,ACCIDENTES DE TRANSITO - SOAT,73400
2023,3,FOMEQUE,SEGUROS COMERCIALES BOLIVAR,ACCIDENTES DE TRANSITO - SOAT,138695
2023,4,CHOACHI,SEGUROS COMERCIALES BOLIVAR,ACCIDENTES DE TRANSITO - SOAT,74614
2023,4,FOMEQUE,SEGUROS COMERCIALES BOLIVAR,ACCIDENTES DE TRANSITO - SOAT,510400
2023,4,UBAQUE,SEGUROS COMERCIALES BOLIVAR,ACCIDENTES DE TRANSITO - SOAT,99800
2023,5,CHOACHI,SEGUROS COMERCIALES BOLIVAR,ACCIDENTES DE TRANSITO - SOAT,940060
2023,6,FOMEQUE,SEGUROS COMERCIALES BOLIVAR,ACCIDENTES DE TRANSITO - SOAT,62800
2023,4,FOMEQUE,SEGUROS DE VIDA DEL ESTADO SA,ACCIDENTES  PERSONALES,77162
2023,6,FOMEQUE,SEGUROS DE VIDA DEL ESTADO SA,ACCIDENTES  PERSONALES,1686153
2023,1,CHOACHI,SEGUROS DE VIDA SURAMERICANA,Riesgos Profesionales - ARP,287416
2023,1,FOMEQUE,SEGUROS DE VIDA SURAMERICANA,Riesgos Profesionales - ARP,1911625
2023,2,FOMEQUE,SEGUROS DE VIDA SURAMERICANA,Riesgos Profesionales - ARP,640447
2023,2,UBAQUE,SEGUROS DE VIDA SURAMERICANA,Riesgos Profesionales - ARP,187894
2023,3,CHOACHI,SEGUROS DE VIDA SURAMERICANA,Riesgos Profesionales - ARP,1016634
2023,3,FOMEQUE,SEGUROS DE VIDA SURAMERICANA,Riesgos Profesionales - ARP,467799
2023,3,UBAQUE,SEGUROS DE VIDA SURAMERICANA,Riesgos Profesionales - ARP,192500
2023,4,FOMEQUE,SEGUROS DE VIDA SURAMERICANA,Riesgos Profesionales - ARP,78687
2023,4,UBAQUE,SEGUROS DE VIDA SURAMERICANA,Riesgos Profesionales - ARP,795892
2023,5,CHOACHI,SEGUROS DE VIDA SURAMERICANA,Riesgos Profesionales - ARP,270034
2023,5,FOMEQUE,SEGUROS DE VIDA SURAMERICANA,Riesgos Profesionales - ARP,81265
2023,6,CHOACHI,SEGUROS DE VIDA SURAMERICANA,Riesgos Profesionales - ARP,154343
2023,6,FOMEQUE,SEGUROS DE VIDA SURAMERICANA,Riesgos Profesionales - ARP,636687
2023,6,UBAQUE,SEGUROS DE VIDA SURAMERICANA,Riesgos Profesionales - ARP,76200
2023,1,CHOACHI,SEGUROS DEL ESTADO,ACCIDENTES DE TRANSITO - SOAT,879901
2023,1,FOMEQUE,SEGUROS DEL ESTADO,ACCIDENTES DE TRANSITO - SOAT,269330
2023,1,UBAQUE,SEGUROS DEL ESTADO,ACCIDENTES DE TRANSITO - SOAT,840792
2023,2,FOMEQUE,SEGUROS DEL ESTADO,ACCIDENTES DE TRANSITO - SOAT,1367150
2023,2,UBAQUE,SEGUROS DEL ESTADO,ACCIDENTES DE TRANSITO - SOAT,457929
2023,3,FOMEQUE,SEGUROS DEL ESTADO,ACCIDENTES DE TRANSITO - SOAT,2924364
2023,4,FOMEQUE,SEGUROS DEL ESTADO,ACCIDENTES DE TRANSITO - SOAT,3223185
2023,4,UBAQUE,SEGUROS DEL ESTADO,ACCIDENTES DE TRANSITO - SOAT,75241
2023,5,FOMEQUE,SEGUROS DEL ESTADO,ACCIDENTES DE TRANSITO - SOAT,1099455
2023,6,CHOACHI,SEGUROS DEL ESTADO,ACCIDENTES DE TRANSITO - SOAT,1823463
2023,6,FOMEQUE,SEGUROS DEL ESTADO,ACCIDENTES DE TRANSITO - SOAT,1101883
2023,6,UBAQUE,SEGUROS DEL ESTADO,ACCIDENTES DE TRANSITO - SOAT,261648
2023,1,CHOACHI,SEGUROS GENERALES SURAMERICANA SA,ACCIDENTES DE TRANSITO - SOAT,443601
2023,1,FOMEQUE,SEGUROS GENERALES SURAMERICANA SA,ACCIDENTES DE TRANSITO - SOAT,938563
2023,1,UBAQUE,SEGUROS GENERALES SURAMERICANA SA,ACCIDENTES DE TRANSITO - SOAT,388422
2023,2,FOMEQUE,SEGUROS GENERALES SURAMERICANA SA,ACCIDENTES DE TRANSITO - SOAT,2298330
2023,3,FOMEQUE,SEGUROS GENERALES SURAMERICANA SA,ACCIDENTES DE TRANSITO - SOAT,2776233
2023,4,CHOACHI,SEGUROS GENERALES SURAMERICANA SA,ACCIDENTES DE TRANSITO - SOAT,1349818
2023,4,FOMEQUE,SEGUROS GENERALES SURAMERICANA SA,ACCIDENTES DE TRANSITO - SOAT,2300386
2023,5,FOMEQUE,SEGUROS GENERALES SURAMERICANA SA,ACCIDENTES DE TRANSITO - SOAT,220074
2023,5,UBAQUE,SEGUROS GENERALES SURAMERICANA SA,ACCIDENTES DE TRANSITO - SOAT,107582
2023,6,CHOACHI,SEGUROS GENERALES SURAMERICANA SA,ACCIDENTES DE TRANSITO - SOAT,790548
2023,6,FOMEQUE,SEGUROS GENERALES SURAMERICANA SA,ACCIDENTES DE TRANSITO - SOAT,360436
2023,6,UBAQUE,SEGUROS GENERALES SURAMERICANA SA,ACCIDENTES DE TRANSITO - SOAT,278778
2023,1,CHOACHI,SEGUROS LA EQUIDAD,ACCIDENTES DE TRANSITO - SOAT,76200
2023,3,FOMEQUE,SEGUROS LA EQUIDAD,ACCIDENTES DE TRANSITO - SOAT,145268
2023,5,FOMEQUE,SEGUROS LA EQUIDAD,ACCIDENTES DE TRANSITO - SOAT,279600
2023,6,CHOACHI,SEGUROS LA EQUIDAD,ACCIDENTES DE TRANSITO - SOAT,104914
2023,6,FOMEQUE,SEGUROS LA EQUIDAD,ACCIDENTES DE TRANSITO - SOAT,462800
2023,5,CHOACHI,UNIDAD PRESTADORA DE SALUD BOGOTA,Entidades con Régimen Especial,1322495
2023,5,FOMEQUE,UNIDAD PRESTADORA DE SALUD BOGOTA,Entidades con Régimen Especial,6234448
2023,5,UBAQUE,UNIDAD PRESTADORA DE SALUD BOGOTA,Entidades con Régimen Especial,996707
2023,6,CHOACHI,UNIDAD PRESTADORA DE SALUD BOGOTA,Entidades con Régimen Especial,231056
2023,6,FOMEQUE,UNIDAD PRESTADORA DE SALUD BOGOTA,Entidades con Régimen Especial,324859
2023,6,UBAQUE,UNIDAD PRESTADORA DE SALUD BOGOTA,Entidades con Régimen Especial,450292
2023,1,FOMEQUE,UNISALUD,Plan Obligatorio de Salud POS-EPS,302000
2023,1,CHOACHI,UT SERVISALUD SAN JOSE,IPS Privada,1264503
2023,1,FOMEQUE,UT SERVISALUD SAN JOSE,IPS Privada,3018481
2023,1,UBAQUE,UT SERVISALUD SAN JOSE,IPS Privada,328758
2023,1,CHOACHI,UT SERVISALUD SAN JOSE,IPS Privada,141625
2023,1,FOMEQUE,UT SERVISALUD SAN JOSE,IPS Privada,1141300
2023,2,CHOACHI,UT SERVISALUD SAN JOSE,IPS Privada,2699765
2023,2,FOMEQUE,UT SERVISALUD SAN JOSE,IPS Privada,22849846
2023,2,UBAQUE,UT SERVISALUD SAN JOSE,IPS Privada,193964
2023,2,CHOACHI,UT SERVISALUD SAN JOSE,IPS Privada,261081
2023,2,FOMEQUE,UT SERVISALUD SAN JOSE,IPS Privada,535285
2023,3,CHOACHI,UT SERVISALUD SAN JOSE,IPS Privada,1738716
2023,3,FOMEQUE,UT SERVISALUD SAN JOSE,IPS Privada,3089168
2023,3,UBAQUE,UT SERVISALUD SAN JOSE,IPS Privada,450057
2023,3,CHOACHI,UT SERVISALUD SAN JOSE,IPS Privada,233728
2023,3,FOMEQUE,UT SERVISALUD SAN JOSE,IPS Privada,950436
2023,4,CHOACHI,UT SERVISALUD SAN JOSE,IPS Privada,1498880
2023,4,FOMEQUE,UT SERVISALUD SAN JOSE,IPS Privada,5350008
2023,4,UBAQUE,UT SERVISALUD SAN JOSE,IPS Privada,634450
2023,4,CHOACHI,UT SERVISALUD SAN JOSE,IPS Privada,80076
2023,4,FOMEQUE,UT SERVISALUD SAN JOSE,IPS Privada,912278
2023,5,CHOACHI,UT SERVISALUD SAN JOSE,IPS Privada,1415721
2023,5,FOMEQUE,UT SERVISALUD SAN JOSE,IPS Privada,7118398
2023,5,UBAQUE,UT SERVISALUD SAN JOSE,IPS Privada,565695
2023,5,CHOACHI,UT SERVISALUD SAN JOSE,IPS Privada,348750
2023,5,FOMEQUE,UT SERVISALUD SAN JOSE,IPS Privada,796480
2023,6,CHOACHI,UT SERVISALUD SAN JOSE,IPS Privada,1875342
2023,6,FOMEQUE,UT SERVISALUD SAN JOSE,IPS Privada,14307261
2023,6,UBAQUE,UT SERVISALUD SAN JOSE,IPS Privada,615165
2023,6,CHOACHI,UT SERVISALUD SAN JOSE,IPS Privada,258033
2023,6,FOMEQUE,UT SERVISALUD SAN JOSE,IPS Privada,944238
